001,material-icons/icons/3d.svg
002,material-icons/icons/abc.svg
003,material-icons/icons/actionscript.svg
004,material-icons/icons/ada.svg
005,material-icons/icons/adonis.svg
006,material-icons/icons/advpl_include.svg
007,material-icons/icons/advpl_prw.svg
008,material-icons/icons/advpl_ptm.svg
009,material-icons/icons/advpl_tlpp.svg
010,material-icons/icons/android.svg
011,material-icons/icons/angular-component.svg
012,material-icons/icons/angular-directive.svg
013,material-icons/icons/angular-guard.svg
014,material-icons/icons/angular-pipe.svg
015,material-icons/icons/angular-resolver.svg
016,material-icons/icons/angular-service.svg
017,material-icons/icons/angular.svg
018,material-icons/icons/antlr.svg
019,material-icons/icons/apiblueprint.svg
020,material-icons/icons/apollo.svg
021,material-icons/icons/applescript.svg
022,material-icons/icons/appveyor.svg
023,material-icons/icons/architecture.svg
024,material-icons/icons/arduino.svg
025,material-icons/icons/asciidoc.svg
026,material-icons/icons/assembly.svg
027,material-icons/icons/astro.svg
028,material-icons/icons/astyle.svg
029,material-icons/icons/audio.svg
030,material-icons/icons/aurelia.svg
031,material-icons/icons/authors.svg
032,material-icons/icons/auto.svg
033,material-icons/icons/auto_light.svg
034,material-icons/icons/autohotkey.svg
035,material-icons/icons/autoit.svg
036,material-icons/icons/azure-pipelines.svg
037,material-icons/icons/azure.svg
038,material-icons/icons/babel.svg
039,material-icons/icons/ballerina.svg
040,material-icons/icons/bazel.svg
041,material-icons/icons/bicep.svg
042,material-icons/icons/bitbucket.svg
043,material-icons/icons/bithound.svg
044,material-icons/icons/blink.svg
045,material-icons/icons/blink_light.svg
046,material-icons/icons/blitz.svg
047,material-icons/icons/bower.svg
048,material-icons/icons/brainfuck.svg
049,material-icons/icons/browserlist.svg
050,material-icons/icons/browserlist_light.svg
051,material-icons/icons/buck.svg
052,material-icons/icons/bucklescript.svg
053,material-icons/icons/buildkite.svg
054,material-icons/icons/c.svg
055,material-icons/icons/cabal.svg
056,material-icons/icons/caddy.svg
057,material-icons/icons/cadence.svg
058,material-icons/icons/cake.svg
059,material-icons/icons/capacitor.svg
060,material-icons/icons/certificate.svg
061,material-icons/icons/changelog.svg
062,material-icons/icons/chess.svg
063,material-icons/icons/chess_light.svg
064,material-icons/icons/circleci.svg
065,material-icons/icons/circleci_light.svg
066,material-icons/icons/clojure.svg
067,material-icons/icons/cloudfoundry.svg
068,material-icons/icons/cmake.svg
069,material-icons/icons/coala.svg
070,material-icons/icons/cobol.svg
071,material-icons/icons/coconut.svg
072,material-icons/icons/code-climate.svg
073,material-icons/icons/code-climate_light.svg
074,material-icons/icons/codecov.svg
075,material-icons/icons/codeowners.svg
076,material-icons/icons/coffee.svg
077,material-icons/icons/coldfusion.svg
078,material-icons/icons/command.svg
079,material-icons/icons/commitlint.svg
080,material-icons/icons/conduct.svg
081,material-icons/icons/console.svg
082,material-icons/icons/contributing.svg
083,material-icons/icons/cpp.svg
084,material-icons/icons/craco.svg
085,material-icons/icons/credits.svg
086,material-icons/icons/crystal.svg
087,material-icons/icons/crystal_light.svg
088,material-icons/icons/csharp.svg
089,material-icons/icons/css-map.svg
090,material-icons/icons/css.svg
091,material-icons/icons/cucumber.svg
092,material-icons/icons/cuda.svg
093,material-icons/icons/cypress.svg
094,material-icons/icons/d.svg
095,material-icons/icons/dart.svg
096,material-icons/icons/dart_generated.svg
097,material-icons/icons/database.svg
099,material-icons/icons/dependabot.svg
100,material-icons/icons/dhall.svg
101,material-icons/icons/diff.svg
102,material-icons/icons/dinophp.svg
103,material-icons/icons/disc.svg
104,material-icons/icons/django.svg
105,material-icons/icons/docker.svg
106,material-icons/icons/document.svg
107,material-icons/icons/dotjs.svg
108,material-icons/icons/drawio.svg
109,material-icons/icons/drone.svg
110,material-icons/icons/drone_light.svg
111,material-icons/icons/dune.svg
112,material-icons/icons/edge.svg
113,material-icons/icons/editorconfig.svg
114,material-icons/icons/ejs.svg
115,material-icons/icons/elixir.svg
116,material-icons/icons/elm.svg
117,material-icons/icons/email.svg
118,material-icons/icons/ember.svg
119,material-icons/icons/erlang.svg
120,material-icons/icons/eslint.svg
121,material-icons/icons/exe.svg
122,material-icons/icons/fastlane.svg
123,material-icons/icons/favicon.svg
124,material-icons/icons/figma.svg
125,material-icons/icons/file.svg
126,material-icons/icons/firebase.svg
127,material-icons/icons/flash.svg
128,material-icons/icons/flow.svg
129,material-icons/icons/folder-admin-open.svg
130,material-icons/icons/folder-admin.svg
131,material-icons/icons/folder-android-open.svg
132,material-icons/icons/folder-android.svg
133,material-icons/icons/folder-angular-open.svg
134,material-icons/icons/folder-angular.svg
135,material-icons/icons/folder-animation-open.svg
136,material-icons/icons/folder-animation.svg
137,material-icons/icons/folder-ansible-open.svg
138,material-icons/icons/folder-ansible.svg
139,material-icons/icons/folder-api-open.svg
140,material-icons/icons/folder-api.svg
141,material-icons/icons/folder-apollo-open.svg
142,material-icons/icons/folder-apollo.svg
143,material-icons/icons/folder-app-open.svg
144,material-icons/icons/folder-app.svg
145,material-icons/icons/folder-archive-open.svg
146,material-icons/icons/folder-archive.svg
147,material-icons/icons/folder-audio-open.svg
148,material-icons/icons/folder-audio.svg
149,material-icons/icons/folder-aurelia-open.svg
150,material-icons/icons/folder-aurelia.svg
151,material-icons/icons/folder-aws-open.svg
152,material-icons/icons/folder-aws.svg
153,material-icons/icons/folder-azure-pipelines-open.svg
154,material-icons/icons/folder-azure-pipelines.svg
155,material-icons/icons/folder-base-open.svg
156,material-icons/icons/folder-base.svg
157,material-icons/icons/folder-batch-open.svg
158,material-icons/icons/folder-batch.svg
159,material-icons/icons/folder-benchmark-open.svg
160,material-icons/icons/folder-benchmark.svg
161,material-icons/icons/folder-bower-open.svg
162,material-icons/icons/folder-bower.svg
163,material-icons/icons/folder-buildkite-open.svg
164,material-icons/icons/folder-buildkite.svg
165,material-icons/icons/folder-cart-open.svg
166,material-icons/icons/folder-cart.svg
167,material-icons/icons/folder-changesets-open.svg
168,material-icons/icons/folder-changesets.svg
169,material-icons/icons/folder-ci-open.svg
170,material-icons/icons/folder-ci.svg
171,material-icons/icons/folder-circleci-open.svg
172,material-icons/icons/folder-circleci.svg
173,material-icons/icons/folder-class-open.svg
174,material-icons/icons/folder-class.svg
175,material-icons/icons/folder-client-open.svg
176,material-icons/icons/folder-client.svg
177,material-icons/icons/folder-cluster-open.svg
178,material-icons/icons/folder-cluster.svg
179,material-icons/icons/folder-cobol-open.svg
180,material-icons/icons/folder-cobol.svg
181,material-icons/icons/folder-command-open.svg
182,material-icons/icons/folder-command.svg
183,material-icons/icons/folder-components-open.svg
184,material-icons/icons/folder-components.svg
185,material-icons/icons/folder-config-open.svg
186,material-icons/icons/folder-config.svg
187,material-icons/icons/folder-connection-open.svg
188,material-icons/icons/folder-connection.svg
189,material-icons/icons/folder-constant-open.svg
190,material-icons/icons/folder-constant.svg
191,material-icons/icons/folder-container-open.svg
192,material-icons/icons/folder-container.svg
193,material-icons/icons/folder-content-open.svg
194,material-icons/icons/folder-content.svg
195,material-icons/icons/folder-context-open.svg
196,material-icons/icons/folder-context.svg
197,material-icons/icons/folder-contract-open.svg
198,material-icons/icons/folder-contract.svg
199,material-icons/icons/folder-controller-open.svg
200,material-icons/icons/folder-controller.svg
201,material-icons/icons/folder-core-open.svg
202,material-icons/icons/folder-core.svg
203,material-icons/icons/folder-coverage-open.svg
204,material-icons/icons/folder-coverage.svg
205,material-icons/icons/folder-css-open.svg
206,material-icons/icons/folder-css.svg
207,material-icons/icons/folder-custom-open.svg
208,material-icons/icons/folder-custom.svg
209,material-icons/icons/folder-cypress-open.svg
210,material-icons/icons/folder-cypress.svg
211,material-icons/icons/folder-database-open.svg
212,material-icons/icons/folder-database.svg
213,material-icons/icons/folder-debug-open.svg
214,material-icons/icons/folder-debug.svg
215,material-icons/icons/folder-decorators-open.svg
216,material-icons/icons/folder-decorators.svg
217,material-icons/icons/folder-delta-open.svg
218,material-icons/icons/folder-delta.svg
219,material-icons/icons/folder-dist-open.svg
220,material-icons/icons/folder-dist.svg
221,material-icons/icons/folder-docker-open.svg
222,material-icons/icons/folder-docker.svg
223,material-icons/icons/folder-docs-open.svg
224,material-icons/icons/folder-docs.svg
225,material-icons/icons/folder-download-open.svg
226,material-icons/icons/folder-download.svg
227,material-icons/icons/folder-dump-open.svg
228,material-icons/icons/folder-dump.svg
229,material-icons/icons/folder-environment-open.svg
230,material-icons/icons/folder-environment.svg
231,material-icons/icons/folder-error-open.svg
232,material-icons/icons/folder-error.svg
233,material-icons/icons/folder-event-open.svg
234,material-icons/icons/folder-event.svg
235,material-icons/icons/folder-examples-open.svg
236,material-icons/icons/folder-examples.svg
237,material-icons/icons/folder-expo-open.svg
238,material-icons/icons/folder-expo.svg
239,material-icons/icons/folder-export-open.svg
240,material-icons/icons/folder-export.svg
241,material-icons/icons/folder-fastlane-open.svg
242,material-icons/icons/folder-fastlane.svg
243,material-icons/icons/folder-firebase-open.svg
244,material-icons/icons/folder-firebase.svg
245,material-icons/icons/folder-flow-open.svg
246,material-icons/icons/folder-flow.svg
247,material-icons/icons/folder-font-open.svg
248,material-icons/icons/folder-font.svg
249,material-icons/icons/folder-functions-open.svg
250,material-icons/icons/folder-functions.svg
251,material-icons/icons/folder-generator-open.svg
252,material-icons/icons/folder-generator.svg
253,material-icons/icons/folder-git-open.svg
254,material-icons/icons/folder-git.svg
255,material-icons/icons/folder-github-open.svg
256,material-icons/icons/folder-github.svg
257,material-icons/icons/folder-gitlab-open.svg
258,material-icons/icons/folder-gitlab.svg
259,material-icons/icons/folder-global-open.svg
260,material-icons/icons/folder-global.svg
261,material-icons/icons/folder-gradle-open.svg
262,material-icons/icons/folder-gradle.svg
263,material-icons/icons/folder-graphql-open.svg
264,material-icons/icons/folder-graphql.svg
265,material-icons/icons/folder-guard-open.svg
266,material-icons/icons/folder-guard.svg
267,material-icons/icons/folder-gulp-open.svg
268,material-icons/icons/folder-gulp.svg
269,material-icons/icons/folder-helper-open.svg
270,material-icons/icons/folder-helper.svg
271,material-icons/icons/folder-home-open.svg
272,material-icons/icons/folder-home.svg
273,material-icons/icons/folder-hook-open.svg
274,material-icons/icons/folder-hook.svg
275,material-icons/icons/folder-husky-open.svg
276,material-icons/icons/folder-husky.svg
277,material-icons/icons/folder-i18n-open.svg
278,material-icons/icons/folder-i18n.svg
279,material-icons/icons/folder-images-open.svg
280,material-icons/icons/folder-images.svg
281,material-icons/icons/folder-import-open.svg
282,material-icons/icons/folder-import.svg
283,material-icons/icons/folder-include-open.svg
284,material-icons/icons/folder-include.svg
285,material-icons/icons/folder-intellij-open.svg
286,material-icons/icons/folder-intellij-open_light.svg
287,material-icons/icons/folder-intellij.svg
288,material-icons/icons/folder-intellij_light.svg
289,material-icons/icons/folder-interface-open.svg
290,material-icons/icons/folder-interface.svg
291,material-icons/icons/folder-ios-open.svg
292,material-icons/icons/folder-ios.svg
293,material-icons/icons/folder-java-open.svg
294,material-icons/icons/folder-java.svg
295,material-icons/icons/folder-javascript-open.svg
296,material-icons/icons/folder-javascript.svg
297,material-icons/icons/folder-jinja-open.svg
298,material-icons/icons/folder-jinja-open_light.svg
299,material-icons/icons/folder-jinja.svg
300,material-icons/icons/folder-jinja_light.svg
301,material-icons/icons/folder-job-open.svg
302,material-icons/icons/folder-job.svg
303,material-icons/icons/folder-json-open.svg
304,material-icons/icons/folder-json.svg
305,material-icons/icons/folder-keys-open.svg
306,material-icons/icons/folder-keys.svg
307,material-icons/icons/folder-kubernetes-open.svg
308,material-icons/icons/folder-kubernetes.svg
309,material-icons/icons/folder-layout-open.svg
310,material-icons/icons/folder-layout.svg
311,material-icons/icons/folder-less-open.svg
312,material-icons/icons/folder-less.svg
313,material-icons/icons/folder-lib-open.svg
314,material-icons/icons/folder-lib.svg
315,material-icons/icons/folder-log-open.svg
316,material-icons/icons/folder-log.svg
317,material-icons/icons/folder-lua-open.svg
318,material-icons/icons/folder-lua.svg
319,material-icons/icons/folder-mail-open.svg
320,material-icons/icons/folder-mail.svg
321,material-icons/icons/folder-mappings-open.svg
322,material-icons/icons/folder-mappings.svg
323,material-icons/icons/folder-markdown-open.svg
324,material-icons/icons/folder-markdown.svg
325,material-icons/icons/folder-messages-open.svg
326,material-icons/icons/folder-messages.svg
327,material-icons/icons/folder-meta-open.svg
328,material-icons/icons/folder-meta.svg
329,material-icons/icons/folder-middleware-open.svg
330,material-icons/icons/folder-middleware.svg
331,material-icons/icons/folder-mjml-open.svg
332,material-icons/icons/folder-mjml.svg
333,material-icons/icons/folder-mobile-open.svg
334,material-icons/icons/folder-mobile.svg
335,material-icons/icons/folder-mock-open.svg
336,material-icons/icons/folder-mock.svg
337,material-icons/icons/folder-netlify-open.svg
338,material-icons/icons/folder-netlify.svg
339,material-icons/icons/folder-next-open.svg
340,material-icons/icons/folder-next.svg
341,material-icons/icons/folder-ngrx-actions-open.svg
342,material-icons/icons/folder-ngrx-actions.svg
343,material-icons/icons/folder-ngrx-effects-open.svg
344,material-icons/icons/folder-ngrx-effects.svg
345,material-icons/icons/folder-ngrx-entities-open.svg
346,material-icons/icons/folder-ngrx-entities.svg
347,material-icons/icons/folder-ngrx-reducer-open.svg
348,material-icons/icons/folder-ngrx-reducer.svg
349,material-icons/icons/folder-ngrx-selectors-open.svg
350,material-icons/icons/folder-ngrx-selectors.svg
351,material-icons/icons/folder-ngrx-state-open.svg
352,material-icons/icons/folder-ngrx-state.svg
353,material-icons/icons/folder-ngrx-store-open.svg
354,material-icons/icons/folder-ngrx-store.svg
355,material-icons/icons/folder-node-open.svg
356,material-icons/icons/folder-node.svg
357,material-icons/icons/folder-nuxt-open.svg
358,material-icons/icons/folder-nuxt.svg
359,material-icons/icons/folder-other-open.svg
360,material-icons/icons/folder-other.svg
361,material-icons/icons/folder-packages-open.svg
362,material-icons/icons/folder-packages.svg
363,material-icons/icons/folder-pdf-open.svg
364,material-icons/icons/folder-pdf.svg
365,material-icons/icons/folder-php-open.svg
366,material-icons/icons/folder-php.svg
367,material-icons/icons/folder-phpmailer-open.svg
368,material-icons/icons/folder-phpmailer.svg
369,material-icons/icons/folder-pipe-open.svg
370,material-icons/icons/folder-pipe.svg
371,material-icons/icons/folder-plugin-open.svg
372,material-icons/icons/folder-plugin.svg
373,material-icons/icons/folder-prisma-open.svg
374,material-icons/icons/folder-prisma.svg
375,material-icons/icons/folder-private-open.svg
376,material-icons/icons/folder-private.svg
377,material-icons/icons/folder-project-open.svg
378,material-icons/icons/folder-project.svg
379,material-icons/icons/folder-proto-open.svg
380,material-icons/icons/folder-proto.svg
381,material-icons/icons/folder-public-open.svg
382,material-icons/icons/folder-public.svg
383,material-icons/icons/folder-python-open.svg
384,material-icons/icons/folder-python.svg
385,material-icons/icons/folder-quasar-open.svg
386,material-icons/icons/folder-quasar.svg
387,material-icons/icons/folder-queue-open.svg
388,material-icons/icons/folder-queue.svg
389,material-icons/icons/folder-react-components-open.svg
390,material-icons/icons/folder-react-components.svg
391,material-icons/icons/folder-redux-actions-open.svg
392,material-icons/icons/folder-redux-actions.svg
393,material-icons/icons/folder-redux-reducer-open.svg
394,material-icons/icons/folder-redux-reducer.svg
395,material-icons/icons/folder-redux-selector-open.svg
396,material-icons/icons/folder-redux-selector.svg
397,material-icons/icons/folder-redux-store-open.svg
398,material-icons/icons/folder-redux-store.svg
399,material-icons/icons/folder-resolver-open.svg
400,material-icons/icons/folder-resolver.svg
401,material-icons/icons/folder-resource-open.svg
402,material-icons/icons/folder-resource.svg
403,material-icons/icons/folder-review-open.svg
404,material-icons/icons/folder-review.svg
405,material-icons/icons/folder-routes-open.svg
406,material-icons/icons/folder-routes.svg
407,material-icons/icons/folder-rules-open.svg
408,material-icons/icons/folder-rules.svg
409,material-icons/icons/folder-sass-open.svg
410,material-icons/icons/folder-sass.svg
411,material-icons/icons/folder-scala-open.svg
412,material-icons/icons/folder-scala.svg
413,material-icons/icons/folder-scripts-open.svg
414,material-icons/icons/folder-scripts.svg
415,material-icons/icons/folder-secure-open.svg
416,material-icons/icons/folder-secure.svg
417,material-icons/icons/folder-server-open.svg
418,material-icons/icons/folder-server.svg
419,material-icons/icons/folder-serverless-open.svg
420,material-icons/icons/folder-serverless.svg
421,material-icons/icons/folder-shader-open.svg
422,material-icons/icons/folder-shader.svg
423,material-icons/icons/folder-shared-open.svg
424,material-icons/icons/folder-shared.svg
425,material-icons/icons/folder-src-open.svg
426,material-icons/icons/folder-src.svg
427,material-icons/icons/folder-stack-open.svg
428,material-icons/icons/folder-stack.svg
429,material-icons/icons/folder-stencil-open.svg
430,material-icons/icons/folder-stencil.svg
431,material-icons/icons/folder-storybook-open.svg
432,material-icons/icons/folder-storybook.svg
433,material-icons/icons/folder-stylus-open.svg
434,material-icons/icons/folder-stylus.svg
435,material-icons/icons/folder-sublime-open.svg
436,material-icons/icons/folder-sublime.svg
437,material-icons/icons/folder-supabase-open.svg
438,material-icons/icons/folder-supabase.svg
439,material-icons/icons/folder-svelte-open.svg
440,material-icons/icons/folder-svelte.svg
441,material-icons/icons/folder-svg-open.svg
442,material-icons/icons/folder-svg.svg
443,material-icons/icons/folder-syntax-open.svg
444,material-icons/icons/folder-syntax.svg
445,material-icons/icons/folder-target-open.svg
446,material-icons/icons/folder-target.svg
447,material-icons/icons/folder-tasks-open.svg
448,material-icons/icons/folder-tasks.svg
449,material-icons/icons/folder-temp-open.svg
450,material-icons/icons/folder-temp.svg
451,material-icons/icons/folder-template-open.svg
452,material-icons/icons/folder-template.svg
453,material-icons/icons/folder-terraform-open.svg
454,material-icons/icons/folder-terraform.svg
455,material-icons/icons/folder-test-open.svg
456,material-icons/icons/folder-test.svg
457,material-icons/icons/folder-theme-open.svg
458,material-icons/icons/folder-theme.svg
459,material-icons/icons/folder-tools-open.svg
460,material-icons/icons/folder-tools.svg
461,material-icons/icons/folder-typescript-open.svg
462,material-icons/icons/folder-typescript.svg
463,material-icons/icons/folder-unity-open.svg
464,material-icons/icons/folder-unity.svg
465,material-icons/icons/folder-update-open.svg
466,material-icons/icons/folder-update.svg
467,material-icons/icons/folder-upload-open.svg
468,material-icons/icons/folder-upload.svg
469,material-icons/icons/folder-utils-open.svg
470,material-icons/icons/folder-utils.svg
471,material-icons/icons/folder-vercel-open.svg
472,material-icons/icons/folder-vercel.svg
473,material-icons/icons/folder-verdaccio-open.svg
474,material-icons/icons/folder-verdaccio.svg
475,material-icons/icons/folder-video-open.svg
476,material-icons/icons/folder-video.svg
477,material-icons/icons/folder-views-open.svg
478,material-icons/icons/folder-views.svg
479,material-icons/icons/folder-vm-open.svg
480,material-icons/icons/folder-vm.svg
481,material-icons/icons/folder-vscode-open.svg
482,material-icons/icons/folder-vscode.svg
483,material-icons/icons/folder-vue-directives-open.svg
484,material-icons/icons/folder-vue-directives.svg
485,material-icons/icons/folder-vue-open.svg
486,material-icons/icons/folder-vue.svg
487,material-icons/icons/folder-vuepress-open.svg
488,material-icons/icons/folder-vuepress.svg
489,material-icons/icons/folder-vuex-store-open.svg
490,material-icons/icons/folder-vuex-store.svg
491,material-icons/icons/folder-wakatime-open.svg
492,material-icons/icons/folder-wakatime.svg
493,material-icons/icons/folder-webpack-open.svg
494,material-icons/icons/folder-webpack.svg
495,material-icons/icons/folder-wordpress-open.svg
496,material-icons/icons/folder-wordpress.svg
497,material-icons/icons/folder-yarn-open.svg
498,material-icons/icons/folder-yarn.svg
499,material-icons/icons/font.svg
500,material-icons/icons/forth.svg
501,material-icons/icons/fortran.svg
502,material-icons/icons/foxpro.svg
503,material-icons/icons/fsharp.svg
504,material-icons/icons/fusebox.svg
505,material-icons/icons/gatsby.svg
506,material-icons/icons/gcp.svg
507,material-icons/icons/gemfile.svg
508,material-icons/icons/gemini.svg
509,material-icons/icons/git.svg
510,material-icons/icons/gitlab.svg
511,material-icons/icons/gitpod.svg
512,material-icons/icons/gleam.svg
513,material-icons/icons/go-mod.svg
514,material-icons/icons/go.svg
515,material-icons/icons/go_gopher.svg
516,material-icons/icons/godot-assets.svg
517,material-icons/icons/godot.svg
518,material-icons/icons/gradle.svg
519,material-icons/icons/grain.svg
520,material-icons/icons/graphcool.svg
521,material-icons/icons/graphql.svg
522,material-icons/icons/gridsome.svg
523,material-icons/icons/groovy.svg
524,material-icons/icons/grunt.svg
525,material-icons/icons/gulp.svg
526,material-icons/icons/h.svg
527,material-icons/icons/hack.svg
528,material-icons/icons/haml.svg
529,material-icons/icons/handlebars.svg
530,material-icons/icons/hardhat.svg
531,material-icons/icons/haskell.svg
532,material-icons/icons/haxe.svg
533,material-icons/icons/hcl.svg
534,material-icons/icons/hcl_light.svg
535,material-icons/icons/helm.svg
536,material-icons/icons/heroku.svg
537,material-icons/icons/hex.svg
538,material-icons/icons/horusec.svg
539,material-icons/icons/hpp.svg
540,material-icons/icons/html.svg
541,material-icons/icons/http.svg
542,material-icons/icons/husky.svg
543,material-icons/icons/i18n.svg
544,material-icons/icons/idris.svg
545,material-icons/icons/image.svg
546,material-icons/icons/imba.svg
547,material-icons/icons/ionic.svg
548,material-icons/icons/istanbul.svg
549,material-icons/icons/jar.svg
550,material-icons/icons/java.svg
551,material-icons/icons/javaclass.svg
552,material-icons/icons/javascript-map.svg
553,material-icons/icons/javascript.svg
554,material-icons/icons/jenkins.svg
555,material-icons/icons/jest.svg
556,material-icons/icons/jinja.svg
557,material-icons/icons/jinja_light.svg
558,material-icons/icons/jsconfig.svg
559,material-icons/icons/json.svg
560,material-icons/icons/julia.svg
561,material-icons/icons/jupyter.svg
562,material-icons/icons/karma.svg
563,material-icons/icons/key.svg
564,material-icons/icons/kivy.svg
565,material-icons/icons/kl.svg
566,material-icons/icons/kotlin.svg
567,material-icons/icons/kusto.svg
568,material-icons/icons/laravel.svg
569,material-icons/icons/lerna.svg
570,material-icons/icons/less.svg
571,material-icons/icons/lib.svg
572,material-icons/icons/lighthouse.svg
573,material-icons/icons/lilypond.svg
574,material-icons/icons/liquid.svg
575,material-icons/icons/lisp.svg
576,material-icons/icons/livescript.svg
577,material-icons/icons/lock.svg
578,material-icons/icons/log.svg
579,material-icons/icons/lolcode.svg
580,material-icons/icons/lua.svg
581,material-icons/icons/makefile.svg
582,material-icons/icons/markdown.svg
583,material-icons/icons/markojs.svg
584,material-icons/icons/mathematica.svg
585,material-icons/icons/matlab.svg
586,material-icons/icons/maven.svg
587,material-icons/icons/mdsvex.svg
588,material-icons/icons/mdx.svg
589,material-icons/icons/merlin.svg
590,material-icons/icons/meson.svg
591,material-icons/icons/minecraft.svg
592,material-icons/icons/mint.svg
593,material-icons/icons/mjml.svg
594,material-icons/icons/mocha.svg
595,material-icons/icons/modernizr.svg
596,material-icons/icons/moonscript.svg
597,material-icons/icons/mxml.svg
598,material-icons/icons/nano-staged.svg
599,material-icons/icons/nano-staged_light.svg
600,material-icons/icons/ndst.svg
601,material-icons/icons/nest-controller.svg
602,material-icons/icons/nest-decorator.svg
603,material-icons/icons/nest-filter.svg
604,material-icons/icons/nest-gateway.svg
605,material-icons/icons/nest-guard.svg
606,material-icons/icons/nest-middleware.svg
607,material-icons/icons/nest-module.svg
608,material-icons/icons/nest-pipe.svg
609,material-icons/icons/nest-resolver.svg
610,material-icons/icons/nest-service.svg
611,material-icons/icons/nest.svg
612,material-icons/icons/netlify.svg
613,material-icons/icons/next.svg
614,material-icons/icons/next_light.svg
615,material-icons/icons/nginx.svg
616,material-icons/icons/ngrx-actions.svg
617,material-icons/icons/ngrx-effects.svg
618,material-icons/icons/ngrx-entity.svg
619,material-icons/icons/ngrx-reducer.svg
620,material-icons/icons/ngrx-selectors.svg
621,material-icons/icons/ngrx-state.svg
622,material-icons/icons/nim.svg
623,material-icons/icons/nix.svg
624,material-icons/icons/nodejs.svg
625,material-icons/icons/nodejs_alt.svg
626,material-icons/icons/nodemon.svg
627,material-icons/icons/npm.svg
628,material-icons/icons/nrwl.svg
629,material-icons/icons/nuget.svg
630,material-icons/icons/nunjucks.svg
631,material-icons/icons/nuxt.svg
632,material-icons/icons/ocaml.svg
633,material-icons/icons/odin.svg
634,material-icons/icons/opa.svg
635,material-icons/icons/opam.svg
636,material-icons/icons/otne.svg
637,material-icons/icons/parcel.svg
639,material-icons/icons/pawn.svg
640,material-icons/icons/pdf.svg
641,material-icons/icons/percy.svg
642,material-icons/icons/perl.svg
643,material-icons/icons/php-cs-fixer.svg
644,material-icons/icons/php.svg
645,material-icons/icons/php_elephant.svg
646,material-icons/icons/php_elephant_pink.svg
647,material-icons/icons/phpunit.svg
648,material-icons/icons/pinejs.svg
649,material-icons/icons/pipeline.svg
650,material-icons/icons/playwright.svg
651,material-icons/icons/plop.svg
652,material-icons/icons/pnpm.svg
653,material-icons/icons/pnpm_light.svg
654,material-icons/icons/poetry.svg
655,material-icons/icons/postcss.svg
656,material-icons/icons/posthtml.svg
657,material-icons/icons/powerpoint.svg
658,material-icons/icons/powershell.svg
659,material-icons/icons/prettier.svg
660,material-icons/icons/prisma.svg
661,material-icons/icons/processing.svg
662,material-icons/icons/prolog.svg
663,material-icons/icons/proto.svg
664,material-icons/icons/protractor.svg
665,material-icons/icons/pug.svg
666,material-icons/icons/puppet.svg
667,material-icons/icons/purescript.svg
668,material-icons/icons/python-misc.svg
669,material-icons/icons/python.svg
670,material-icons/icons/qsharp.svg
671,material-icons/icons/quasar.svg
672,material-icons/icons/r.svg
673,material-icons/icons/racket.svg
674,material-icons/icons/raml.svg
675,material-icons/icons/razor.svg
676,material-icons/icons/react.svg
677,material-icons/icons/react_ts.svg
678,material-icons/icons/readme.svg
679,material-icons/icons/reason.svg
680,material-icons/icons/red.svg
681,material-icons/icons/redux-action.svg
682,material-icons/icons/redux-reducer.svg
683,material-icons/icons/redux-selector.svg
684,material-icons/icons/redux-store.svg
685,material-icons/icons/remix.svg
686,material-icons/icons/remix_light.svg
687,material-icons/icons/renovate.svg
688,material-icons/icons/replit.svg
689,material-icons/icons/rescript-interface.svg
690,material-icons/icons/rescript.svg
691,material-icons/icons/restql.svg
692,material-icons/icons/riot.svg
693,material-icons/icons/roadmap.svg
694,material-icons/icons/robot.svg
695,material-icons/icons/robots.svg
696,material-icons/icons/rollup.svg
697,material-icons/icons/rome.svg
698,material-icons/icons/routing.svg
699,material-icons/icons/rubocop.svg
700,material-icons/icons/rubocop_light.svg
701,material-icons/icons/ruby.svg
702,material-icons/icons/rust.svg
703,material-icons/icons/salesforce.svg
704,material-icons/icons/san.svg
705,material-icons/icons/sas.svg
706,material-icons/icons/sass.svg
707,material-icons/icons/sbt.svg
708,material-icons/icons/scala.svg
709,material-icons/icons/scheme.svg
710,material-icons/icons/search.svg
711,material-icons/icons/semantic-release.svg
712,material-icons/icons/semantic-release_light.svg
713,material-icons/icons/sentry.svg
714,material-icons/icons/sequelize.svg
715,material-icons/icons/serverless.svg
716,material-icons/icons/settings.svg
717,material-icons/icons/shader.svg
718,material-icons/icons/shaderlab.svg
719,material-icons/icons/silverstripe.svg
720,material-icons/icons/siyuan.svg
721,material-icons/icons/sketch.svg
722,material-icons/icons/slim.svg
723,material-icons/icons/slug.svg
724,material-icons/icons/smarty.svg
725,material-icons/icons/sml.svg
726,material-icons/icons/snowpack.svg
727,material-icons/icons/snowpack_light.svg
728,material-icons/icons/snyk.svg
729,material-icons/icons/solidity.svg
730,material-icons/icons/sonarcloud.svg
731,material-icons/icons/steadybit.svg
732,material-icons/icons/stencil.svg
733,material-icons/icons/stitches.svg
734,material-icons/icons/stitches_light.svg
735,material-icons/icons/storybook.svg
736,material-icons/icons/stryker.svg
737,material-icons/icons/stylable.svg
738,material-icons/icons/stylelint.svg
739,material-icons/icons/stylelint_light.svg
740,material-icons/icons/stylus.svg
741,material-icons/icons/sublime.svg
742,material-icons/icons/supabase.svg
743,material-icons/icons/svelte.svg
744,material-icons/icons/svg.svg
745,material-icons/icons/svgo.svg
746,material-icons/icons/svgr.svg
747,material-icons/icons/swc.svg
748,material-icons/icons/swift.svg
749,material-icons/icons/table.svg
750,material-icons/icons/tailwindcss.svg
751,material-icons/icons/tauri.svg
752,material-icons/icons/tcl.svg
753,material-icons/icons/teal.svg
754,material-icons/icons/template.svg
755,material-icons/icons/terraform.svg
756,material-icons/icons/test-js.svg
757,material-icons/icons/test-jsx.svg
758,material-icons/icons/test-ts.svg
759,material-icons/icons/tex.svg
760,material-icons/icons/textlint.svg
761,material-icons/icons/tilt.svg
762,material-icons/icons/tldraw.svg
763,material-icons/icons/tldraw_light.svg
764,material-icons/icons/tobi.svg
765,material-icons/icons/tobimake.svg
766,material-icons/icons/todo.svg
767,material-icons/icons/travis.svg
768,material-icons/icons/tree.svg
769,material-icons/icons/tsconfig.svg
770,material-icons/icons/tune.svg
771,material-icons/icons/turborepo.svg
772,material-icons/icons/turborepo_light.svg
773,material-icons/icons/twig.svg
774,material-icons/icons/twine.svg
775,material-icons/icons/typescript-def.svg
776,material-icons/icons/typescript.svg
777,material-icons/icons/uml.svg
778,material-icons/icons/uml_light.svg
779,material-icons/icons/url.svg
780,material-icons/icons/vagrant.svg
781,material-icons/icons/vala.svg
782,material-icons/icons/velocity.svg
783,material-icons/icons/vercel.svg
784,material-icons/icons/vercel_light.svg
785,material-icons/icons/verdaccio.svg
786,material-icons/icons/verilog.svg
787,material-icons/icons/vfl.svg
788,material-icons/icons/video.svg
789,material-icons/icons/vim.svg
790,material-icons/icons/virtual.svg
791,material-icons/icons/visualstudio.svg
792,material-icons/icons/vite.svg
793,material-icons/icons/vitest.svg
794,material-icons/icons/vlang.svg
795,material-icons/icons/vscode.svg
796,material-icons/icons/vue-config.svg
797,material-icons/icons/vue.svg
798,material-icons/icons/vuex-store.svg
799,material-icons/icons/wakatime.svg
800,material-icons/icons/wakatime_light.svg
801,material-icons/icons/wallaby.svg
802,material-icons/icons/watchman.svg
803,material-icons/icons/webassembly.svg
804,material-icons/icons/webhint.svg
805,material-icons/icons/webpack.svg
806,material-icons/icons/wepy.svg
807,material-icons/icons/windicss.svg
808,material-icons/icons/wolframlanguage.svg
809,material-icons/icons/word.svg
810,material-icons/icons/xaml.svg
811,material-icons/icons/xml.svg
812,material-icons/icons/yaml.svg
813,material-icons/icons/yang.svg
814,material-icons/icons/yarn.svg
815,material-icons/icons/zig.svg
816,material-icons/icons/zip.svg
